<?xml version="1.0" encoding="UTF-8"?>
<project-private xmlns="http://www.netbeans.org/ns/project-private/1">
    <editor-bookmarks xmlns="http://www.netbeans.org/ns/editor-bookmarks/2" lastBookmarkId="0"/>
    <open-files xmlns="http://www.netbeans.org/ns/projectui-open-files/2">
        <group>
            <file>file:/Applications/XAMPP/xamppfiles/htdocs/desafio-nw/application/helpers/util_helper.php</file>
            <file>file:/Applications/XAMPP/xamppfiles/htdocs/desafio-nw/application/controllers/Guerreiros.php</file>
            <file>file:/Applications/XAMPP/xamppfiles/htdocs/desafio-nw/application/models/Guerreiro_model.php</file>
            <file>file:/Applications/XAMPP/xamppfiles/htdocs/desafio-nw/application/views/guerreiros/frmEditar.php</file>
        </group>
    </open-files>
</project-private>
